<?xml version="1.0" encoding="UTF-8"?>
<project-private xmlns="http://www.netbeans.org/ns/project-private/1">
    <editor-bookmarks xmlns="http://www.netbeans.org/ns/editor-bookmarks/2" lastBookmarkId="0"/>
    <open-files xmlns="http://www.netbeans.org/ns/projectui-open-files/2">
        <group>
            <file>file:/C:/Users/Nelso/MPLABXProjects/Lab11.X/ST7735_TFT.h</file>
            <file>file:/C:/Users/Nelso/MPLABXProjects/Lab11.X/Main.h</file>
            <file>file:/C:/Users/Nelso/MPLABXProjects/Lab11.X/Main_Screen.h</file>
            <file>file:/C:/Users/Nelso/MPLABXProjects/Lab11.X/Main.c</file>
            <file>file:/C:/Users/Nelso/MPLABXProjects/Lab11.X/I2C_Support.h</file>
            <file>file:/C:/Users/Nelso/MPLABXProjects/Lab11.X/Main_Screen.c</file>
            <file>file:/C:/Users/Nelso/MPLABXProjects/Lab11.X/Utils.h</file>
            <file>file:/C:/Users/Nelso/MPLABXProjects/Lab11.X/Interrupt.h</file>
            <file>file:/C:/Users/Nelso/MPLABXProjects/Lab11.X/I2C_Support.c</file>
            <file>file:/C:/Users/Nelso/MPLABXProjects/Lab11.X/I2C_Soft.c</file>
            <file>file:/C:/Users/Nelso/MPLABXProjects/Lab11.X/Fan_Support.h</file>
            <file>file:/C:/Users/Nelso/MPLABXProjects/Lab11.X/Fan_Support.c</file>
            <file>file:/C:/Users/Nelso/MPLABXProjects/Lab11.X/I2C.h</file>
            <file>file:/C:/Users/Nelso/MPLABXProjects/Lab11.X/Utils.c</file>
            <file>file:/C:/Users/Nelso/MPLABXProjects/Lab11.X/ST7735_TFT.c</file>
            <file>file:/C:/Users/Nelso/MPLABXProjects/Lab11.X/Interrupt.c</file>
        </group>
    </open-files>
</project-private>
